[{"created_at":"Sat Aug 03 15:39:06 +0000 2013","id":363685465569767424,"id_str":"363685465569767424","text":"Just downloaded the Slate collection of stylized Apple product templates by @bbg! #H2TY http:\/\/t.co\/vJGT4QNXxO","source":"\u003ca href=\"http:\/\/www.paywithatweet.com\" rel=\"nofollow\"\u003ePay with a Tweet\u003c\/a\u003e","truncated":false,"in_reply_to_status_id":null,"in_reply_to_status_id_str":null,"in_reply_to_user_id":null,"in_reply_to_user_id_str":null,"in_reply_to_screen_name":null,"user":{"id":792356948,"id_str":"792356948","name":"Rem Tsoy","screen_name":"remtsoy","location":"","description":"Just another web designer.","url":null,"entities":{"description":{"urls":[]}},"protected":false,"followers_count":20,"friends_count":370,"listed_count":0,"created_at":"Thu Aug 30 20:40:26 +0000 2012","favourites_count":123,"utc_offset":14400,"time_zone":"Moscow","geo_enabled":false,"verified":false,"statuses_count":20,"lang":"ru","contributors_enabled":false,"is_translator":false,"profile_background_color":"C0DEED","profile_background_image_url":"http:\/\/a0.twimg.com\/images\/themes\/theme1\/bg.png","profile_background_image_url_https":"https:\/\/si0.twimg.com\/images\/themes\/theme1\/bg.png","profile_background_tile":false,"profile_image_url":"http:\/\/a0.twimg.com\/profile_images\/2562890171\/siu0xag5llma5invxtws_normal.jpeg","profile_image_url_https":"https:\/\/si0.twimg.com\/profile_images\/2562890171\/siu0xag5llma5invxtws_normal.jpeg","profile_link_color":"0084B4","profile_sidebar_border_color":"C0DEED","profile_sidebar_fill_color":"DDEEF6","profile_text_color":"333333","profile_use_background_image":true,"default_profile":true,"default_profile_image":false,"following":false,"follow_request_sent":false,"notifications":false},"geo":null,"coordinates":null,"place":null,"contributors":null,"retweet_count":0,"favorite_count":0,"entities":{"hashtags":[{"text":"H2TY","indices":[82,87]}],"symbols":[],"urls":[{"url":"http:\/\/t.co\/vJGT4QNXxO","expanded_url":"http:\/\/bit.ly\/ZwDcEc","display_url":"bit.ly\/ZwDcEc","indices":[88,110]}],"user_mentions":[{"screen_name":"bbg","name":"Bright Bright Great","id":54742194,"id_str":"54742194","indices":[76,80]}]},"favorited":false,"retweeted":false,"possibly_sensitive":false,"lang":"en"},{"created_at":"Sun Jul 14 23:21:07 +0000 2013","id":356553978525384704,"id_str":"356553978525384704","text":"RT @MrAlanCooper: The best way to serve billions of users is to design for just one user.","source":"web","truncated":false,"in_reply_to_status_id":null,"in_reply_to_status_id_str":null,"in_reply_to_user_id":null,"in_reply_to_user_id_str":null,"in_reply_to_screen_name":null,"user":{"id":792356948,"id_str":"792356948","name":"Rem Tsoy","screen_name":"remtsoy","location":"","description":"Just another web designer.","url":null,"entities":{"description":{"urls":[]}},"protected":false,"followers_count":20,"friends_count":370,"listed_count":0,"created_at":"Thu Aug 30 20:40:26 +0000 2012","favourites_count":123,"utc_offset":14400,"time_zone":"Moscow","geo_enabled":false,"verified":false,"statuses_count":20,"lang":"ru","contributors_enabled":false,"is_translator":false,"profile_background_color":"C0DEED","profile_background_image_url":"http:\/\/a0.twimg.com\/images\/themes\/theme1\/bg.png","profile_background_image_url_https":"https:\/\/si0.twimg.com\/images\/themes\/theme1\/bg.png","profile_background_tile":false,"profile_image_url":"http:\/\/a0.twimg.com\/profile_images\/2562890171\/siu0xag5llma5invxtws_normal.jpeg","profile_image_url_https":"https:\/\/si0.twimg.com\/profile_images\/2562890171\/siu0xag5llma5invxtws_normal.jpeg","profile_link_color":"0084B4","profile_sidebar_border_color":"C0DEED","profile_sidebar_fill_color":"DDEEF6","profile_text_color":"333333","profile_use_background_image":true,"default_profile":true,"default_profile_image":false,"following":false,"follow_request_sent":false,"notifications":false},"geo":null,"coordinates":null,"place":null,"contributors":null,"retweeted_status":{"created_at":"Sun Jul 14 21:07:21 +0000 2013","id":356520313346994178,"id_str":"356520313346994178","text":"The best way to serve billions of users is to design for just one user.","source":"\u003ca href=\"http:\/\/www.tweetdeck.com\" rel=\"nofollow\"\u003eTweetDeck\u003c\/a\u003e","truncated":false,"in_reply_to_status_id":null,"in_reply_to_status_id_str":null,"in_reply_to_user_id":null,"in_reply_to_user_id_str":null,"in_reply_to_screen_name":null,"user":{"id":103920270,"id_str":"103920270","name":"Alan Cooper","screen_name":"MrAlanCooper","location":"San Francisco CA, Petaluma CA","description":"Software Alchemist. President of Cooper, 'Father of Visual Basic,' inventor of design personas, produced 'the first serious business software' for PCs","url":"http:\/\/t.co\/UIY9E6IUcD","entities":{"url":{"urls":[{"url":"http:\/\/t.co\/UIY9E6IUcD","expanded_url":"http:\/\/www.cooper.com","display_url":"cooper.com","indices":[0,22]}]},"description":{"urls":[]}},"protected":false,"followers_count":12392,"friends_count":588,"listed_count":958,"created_at":"Mon Jan 11 17:46:12 +0000 2010","favourites_count":3327,"utc_offset":-25200,"time_zone":"Pacific Time (US & Canada)","geo_enabled":true,"verified":false,"statuses_count":18119,"lang":"en","contributors_enabled":false,"is_translator":false,"profile_background_color":"C0DEED","profile_background_image_url":"http:\/\/a0.twimg.com\/profile_background_images\/66452484\/Moog_Modular_Synthesizer_1.jpg","profile_background_image_url_https":"https:\/\/si0.twimg.com\/profile_background_images\/66452484\/Moog_Modular_Synthesizer_1.jpg","profile_background_tile":true,"profile_image_url":"http:\/\/a0.twimg.com\/profile_images\/1470274107\/Alan_Avatar_normal.jpg","profile_image_url_https":"https:\/\/si0.twimg.com\/profile_images\/1470274107\/Alan_Avatar_normal.jpg","profile_banner_url":"https:\/\/pbs.twimg.com\/profile_banners\/103920270\/1358185123","profile_link_color":"0084B4","profile_sidebar_border_color":"C0DEED","profile_sidebar_fill_color":"DDEEF6","profile_text_color":"333333","profile_use_background_image":true,"default_profile":false,"default_profile_image":false,"following":null,"follow_request_sent":false,"notifications":null},"geo":null,"coordinates":null,"place":null,"contributors":null,"retweet_count":40,"favorite_count":22,"entities":{"hashtags":[],"symbols":[],"urls":[],"user_mentions":[]},"favorited":false,"retweeted":false,"lang":"en"},"retweet_count":40,"favorite_count":0,"entities":{"hashtags":[],"symbols":[],"urls":[],"user_mentions":[{"screen_name":"MrAlanCooper","name":"Alan Cooper","id":103920270,"id_str":"103920270","indices":[3,16]}]},"favorited":false,"retweeted":false,"lang":"en"},{"created_at":"Fri Oct 19 05:06:43 +0000 2012","id":259158615552823297,"id_str":"259158615552823297","text":"My first web template to sale.http:\/\/t.co\/zCbLWC8M","source":"web","truncated":false,"in_reply_to_status_id":null,"in_reply_to_status_id_str":null,"in_reply_to_user_id":null,"in_reply_to_user_id_str":null,"in_reply_to_screen_name":null,"user":{"id":792356948,"id_str":"792356948","name":"Rem Tsoy","screen_name":"remtsoy","location":"","description":"Just another web designer.","url":null,"entities":{"description":{"urls":[]}},"protected":false,"followers_count":20,"friends_count":370,"listed_count":0,"created_at":"Thu Aug 30 20:40:26 +0000 2012","favourites_count":123,"utc_offset":14400,"time_zone":"Moscow","geo_enabled":false,"verified":false,"statuses_count":20,"lang":"ru","contributors_enabled":false,"is_translator":false,"profile_background_color":"C0DEED","profile_background_image_url":"http:\/\/a0.twimg.com\/images\/themes\/theme1\/bg.png","profile_background_image_url_https":"https:\/\/si0.twimg.com\/images\/themes\/theme1\/bg.png","profile_background_tile":false,"profile_image_url":"http:\/\/a0.twimg.com\/profile_images\/2562890171\/siu0xag5llma5invxtws_normal.jpeg","profile_image_url_https":"https:\/\/si0.twimg.com\/profile_images\/2562890171\/siu0xag5llma5invxtws_normal.jpeg","profile_link_color":"0084B4","profile_sidebar_border_color":"C0DEED","profile_sidebar_fill_color":"DDEEF6","profile_text_color":"333333","profile_use_background_image":true,"default_profile":true,"default_profile_image":false,"following":false,"follow_request_sent":false,"notifications":false},"geo":null,"coordinates":null,"place":null,"contributors":null,"retweet_count":0,"favorite_count":0,"entities":{"hashtags":[],"symbols":[],"urls":[{"url":"http:\/\/t.co\/zCbLWC8M","expanded_url":"http:\/\/themeforest.net\/item\/night-life-bootstrap-responsive-dark-template\/3231658?sso?WT.ac=category_item&WT.seg_1=category_item&WT.z_author=Tsoy","display_url":"themeforest.net\/item\/night-lif\u2026","indices":[30,50]}],"user_mentions":[]},"favorited":false,"retweeted":false,"possibly_sensitive":false,"lang":"en"}]